{"campaign_id": 1, "player_ucid": "799c9b5bf94da636034f1f8f89acce5e", "points": 10}
{"campaign_id": 1, "player_ucid": "900499fd05d67b4a54f5fbe8b94ac53b", "points": 59}
{"campaign_id": 1, "player_ucid": "d23d729b1e9cdc08d7cd6f2ad0a06030", "points": 10}
{"campaign_id": 1, "player_ucid": "facc31afd1a40198289f746cf5c1f732", "points": 10}
{"campaign_id": 1, "player_ucid": "7c95111014291e9efa5357f25c325233", "points": 10}
{"campaign_id": 1, "player_ucid": "8d7145a9eb9db3ee0065a590b73382b3", "points": 10}
{"campaign_id": 1, "player_ucid": "9271a9cb1d03393a0cb32417dcc9f552", "points": 10}
{"campaign_id": 1, "player_ucid": "518a29bc3ecbeebd91c9505b051416ee", "points": 10}
{"campaign_id": 1, "player_ucid": "0f34e85674b18b18f4ea100e6c8c7154", "points": 10}
{"campaign_id": 1, "player_ucid": "ad0b2eb2383eace17e793d4c21a57b29", "points": 10}
{"campaign_id": 1, "player_ucid": "fd3ebf31d1d2033d684855ad53a6db1a", "points": 10}
{"campaign_id": 1, "player_ucid": "133896ecc21d633ba41c03a6d3cb2a17", "points": 10}
{"campaign_id": 1, "player_ucid": "85a86513694a41ac3c97795bba14dcd4", "points": 10}
{"campaign_id": 1, "player_ucid": "ebb99fe260675f8824ee72481855d079", "points": 10}
{"campaign_id": 1, "player_ucid": "fc1fe031f04772b1736798e006f3d427", "points": 10}
{"campaign_id": 1, "player_ucid": "2a2c9bdf1923d2a0b1db8071e06960b3", "points": 10}
{"campaign_id": 1, "player_ucid": "6e446a84e2c74fd281b19e121dfd21c9", "points": 74}
{"campaign_id": 1, "player_ucid": "065c77d8c9799697413a8d3ca9e7b55d", "points": 10}
{"campaign_id": 1, "player_ucid": "576bd4b199b651905ac9cb5682ba0cbd", "points": 12}
{"campaign_id": 1, "player_ucid": "2863bfa33f10787dd85efb1545e7d76c", "points": 10}
{"campaign_id": 1, "player_ucid": "d3db8af6adbc5cd6114a95b54032a4bd", "points": 10}
{"campaign_id": 1, "player_ucid": "4c7032602cda84cec4bbd0e26bc12355", "points": 71}
{"campaign_id": 1, "player_ucid": "b49eb190a8971beaf2fb77fd77aa3707", "points": 10}
{"campaign_id": 1, "player_ucid": "76f377f979fa434d1e15748f49edd7de", "points": 10}
{"campaign_id": 1, "player_ucid": "777c7b0187ff9d8da91901a41be78585", "points": 10}
{"campaign_id": 1, "player_ucid": "8f1edce82a0fe6936a1c50b55e183a40", "points": 10}
{"campaign_id": 1, "player_ucid": "fec0731fcc269adc401365fdd6a94230", "points": 10}
{"campaign_id": 1, "player_ucid": "1154d764b52b39b90b24685aa2f36e4f", "points": 10}
{"campaign_id": 1, "player_ucid": "6f8345a25639632b094c2ed6192a5930", "points": 10}
{"campaign_id": 1, "player_ucid": "29ef35aae9c6c270f4cde3fd52de72c7", "points": 10}
{"campaign_id": 1, "player_ucid": "7dfa3f413e23642820b9b7426a046e3d", "points": 10}
{"campaign_id": 1, "player_ucid": "6b8d7e79bde3da6c23afa24e152a0084", "points": 10}
{"campaign_id": 1, "player_ucid": "acccf7803c35bb3c3964151518469f94", "points": 10}
{"campaign_id": 1, "player_ucid": "8513d9d0d4c8b62a5a850f8984308567", "points": 3}
{"campaign_id": 1, "player_ucid": "f503ee8f260f7c816953e6e1f7cede4c", "points": 10}
{"campaign_id": 1, "player_ucid": "b08abce75ca69962a4d0dd95216e55f8", "points": 10}
{"campaign_id": 1, "player_ucid": "6c6ab19250f92d50d9791eeeca27fac6", "points": 10}
{"campaign_id": 1, "player_ucid": "9514a407ae58ef6608de625331c3d784", "points": 36}
{"campaign_id": 1, "player_ucid": "e6a75860c3f6fbb9e13edaa8452665bf", "points": 10}
{"campaign_id": 1, "player_ucid": "7d30f8447a76661e83a3fa2008902cfd", "points": 10}
{"campaign_id": 1, "player_ucid": "b7b02b51dc7cf54b99e267f62ce5b808", "points": 10}
{"campaign_id": 1, "player_ucid": "401d2712d1e50bf9dc1126e8c3bf7432", "points": 10}
{"campaign_id": 1, "player_ucid": "9c2e67422202d1cdd4462ebad5353828", "points": 10}
{"campaign_id": 1, "player_ucid": "c362750f758a489d59c388cab98dcef3", "points": 86}
{"campaign_id": 1, "player_ucid": "49ef762bb048c46f6995ac0bc5138b0a", "points": 10}
{"campaign_id": 1, "player_ucid": "9f0a787124a7bac4e897ba6bc6b6eaf5", "points": 10}
{"campaign_id": 1, "player_ucid": "78819b89e56bb9acf2e8d694675477a1", "points": 10}
{"campaign_id": 1, "player_ucid": "a6d5b357edf183e2e50307cdb59cc1a2", "points": 10}
{"campaign_id": 1, "player_ucid": "566ed792d3ce640f025570b840870701", "points": 10}
{"campaign_id": 1, "player_ucid": "4a903d3d536615659bb380beb4120fd2", "points": 10}
{"campaign_id": 1, "player_ucid": "26f391ec5e0a30a5770a16b2957df7a4", "points": 10}
{"campaign_id": 1, "player_ucid": "7a4ffe9855e0151222456dbf127f5d2b", "points": 10}
{"campaign_id": 1, "player_ucid": "324598b88177be5c7bc5c69ba4f6a1ac", "points": 21}
{"campaign_id": 1, "player_ucid": "83797fe13c878e8847667bbb6b1509ad", "points": 14}
{"campaign_id": 1, "player_ucid": "f3aa8a48b17691dcc1e7c27f30015dc1", "points": 10}
{"campaign_id": 1, "player_ucid": "d4483d075d376e2180874eed482660cc", "points": 10}
{"campaign_id": 1, "player_ucid": "0d2a76608a160175750dbd52feb2760b", "points": 16}
{"campaign_id": 1, "player_ucid": "196bd2e2ed2a7e6e0086724a1aab7e5f", "points": 10}
{"campaign_id": 1, "player_ucid": "2af50e90dc1b054303149e0b6033d7e2", "points": 10}
{"campaign_id": 1, "player_ucid": "b31ae743037d3b2db47463abebdd9a4e", "points": 10}
{"campaign_id": 1, "player_ucid": "3d55ce88b9d955f49171396cc331066c", "points": 10}
{"campaign_id": 1, "player_ucid": "52a675e7886dba2af0eb11d69f758897", "points": 10}
{"campaign_id": 1, "player_ucid": "0776a1b78499a0480e858fde3a942cb3", "points": 10}
{"campaign_id": 1, "player_ucid": "bd7ae8f97480c9e9ef3dbf538af42612", "points": 44}
{"campaign_id": 1, "player_ucid": "f35615413d2afc9eb850dceb1eb2af26", "points": 10}
{"campaign_id": 1, "player_ucid": "6321b26371f14a735f64fb3b2805bf0f", "points": 10}
{"campaign_id": 1, "player_ucid": "2c04d1302b95cbd34ea75d8ff1da92c4", "points": 10}
{"campaign_id": 1, "player_ucid": "94e1b9ced7e1ea88d4690c60bff9a553", "points": 10}
{"campaign_id": 1, "player_ucid": "c72cab9c76fa3c8cdc3932d17bd0da90", "points": 0}
{"campaign_id": 1, "player_ucid": "5cbf64fe12977a6dacb4b7513808a243", "points": 10}
{"campaign_id": 1, "player_ucid": "f020662584f9df16e1bdbb3028c58d43", "points": 10}
{"campaign_id": 1, "player_ucid": "830db25cc6f0ceaf59a9c847bd5a58e2", "points": 10}
{"campaign_id": 1, "player_ucid": "3888f217643e11a2c09cb8b8ff6aa6d5", "points": 10}
{"campaign_id": 1, "player_ucid": "7b9a4496ff200b8344a482fd55c3e24a", "points": 59}
{"campaign_id": 1, "player_ucid": "95a23eac384b87b87e294c964908436b", "points": 10}
{"campaign_id": 1, "player_ucid": "97f5ee54f8d752a03941beb257d3af8f", "points": 10}
{"campaign_id": 1, "player_ucid": "495536f788d821b7892cf8d407449906", "points": 10}
{"campaign_id": 1, "player_ucid": "1a5555c6054280af5bf29ef40f7d4ed6", "points": 131}
{"campaign_id": 1, "player_ucid": "f4d37b8c99d029659f6c748dbfb476bf", "points": 10}
{"campaign_id": 1, "player_ucid": "847a60380f576ae36873bd61b3f49de1", "points": 22}
{"campaign_id": 1, "player_ucid": "4a14ea8cb4f493213bb3bafb9a915606", "points": 40}
{"campaign_id": 1, "player_ucid": "8ea7675d60a70d543b75d41d5eec441b", "points": 41}
{"campaign_id": 1, "player_ucid": "7c9f77ce03ca759950b385073f21c588", "points": 10}
{"campaign_id": 1, "player_ucid": "1619aff81f410abd89c0b3942d336e28", "points": 10}
{"campaign_id": 1, "player_ucid": "b15aa8ca91004f4c2e7e4e54ce8e9ab0", "points": 10}
{"campaign_id": 1, "player_ucid": "9b1ce9d7d280295569b3c50ad6d59612", "points": 10}
{"campaign_id": 1, "player_ucid": "7870c734dd82f6bcd60c1f0904df39c4", "points": 10}
{"campaign_id": 1, "player_ucid": "ccfef6ebef4fda9f5896a9a8d93e5fcb", "points": 10}
{"campaign_id": 1, "player_ucid": "099f7ead1b6762b3be84f78301944c18", "points": 10}
{"campaign_id": 1, "player_ucid": "07cf0a920940b648f6ce2d917f4ccccb", "points": 10}
{"campaign_id": 1, "player_ucid": "4540cb3a692d2ff87aee1cdde5a43cef", "points": 30}
{"campaign_id": 1, "player_ucid": "50cb9bacf2c693e90ef6fda69b53dea0", "points": 10}
{"campaign_id": 1, "player_ucid": "5ca9a4468a6c62e54076038a53e6653b", "points": 10}
{"campaign_id": 1, "player_ucid": "c2e84c008ee1c0a5036b0a82fac968fc", "points": 17}
{"campaign_id": 1, "player_ucid": "ca45643204ebf668d83bd8ab15faf094", "points": 432}
{"campaign_id": 1, "player_ucid": "56657f30ffb7337b6dc23093de3c73b8", "points": 22}
{"campaign_id": 1, "player_ucid": "2d4ebb39e0c2f8918f22ce707ca34b1c", "points": 195}
{"campaign_id": 1, "player_ucid": "5cf77ddc02959bf6e9f8e0349436ce3b", "points": 856}
{"campaign_id": 1, "player_ucid": "7f54c7e4251df9a13e28e904a34e768e", "points": 47}
{"campaign_id": 1, "player_ucid": "c88a42212aec846c5ba2c993c5ee36b3", "points": 0}
{"campaign_id": 1, "player_ucid": "e3070097ab7ef748d9ce1ed5abcd7f82", "points": 170}
{"campaign_id": 1, "player_ucid": "40da052b7cb07277e77a45915917f27e", "points": 55}
{"campaign_id": 1, "player_ucid": "d1cc162b42b545615dcbe24a45cd8c5b", "points": 9}
{"campaign_id": 1, "player_ucid": "cdfa60e0c8b1990448f3d77edfbbfdd1", "points": 10}
{"campaign_id": 1, "player_ucid": "5cf031c428dc29f79640f67acf1e104c", "points": 557}
{"campaign_id": 1, "player_ucid": "62fef75bbd16678a2580177368bc4446", "points": 10}
{"campaign_id": 1, "player_ucid": "f2cb1a81dd3a1f6fcc6fb9fdadc5fbf8", "points": 10}
{"campaign_id": 1, "player_ucid": "9eaeab346be84939a969ffc211deae4b", "points": 10}
{"campaign_id": 1, "player_ucid": "9c8c8e3298c3be664769c06dcba59592", "points": 10}
{"campaign_id": 1, "player_ucid": "a6c1e18596356bfd1b5aa5f744dac462", "points": 10}
{"campaign_id": 1, "player_ucid": "544bc6d3eda0b55dcaf707935b454440", "points": 10}
{"campaign_id": 1, "player_ucid": "f01f1e9370140827881281f0dddc1062", "points": 10}
{"campaign_id": 1, "player_ucid": "a92409e9ddc20edfdd76e1623c9afea0", "points": 10}
{"campaign_id": 1, "player_ucid": "92897162f677789c94321032e12690bb", "points": 10}
{"campaign_id": 1, "player_ucid": "247ae9cb0f8f7e829e6758d9b07eb58d", "points": 10}
{"campaign_id": 1, "player_ucid": "88d8dff2a014a18ceb01329b99ed2260", "points": 10}
{"campaign_id": 1, "player_ucid": "65a99247a3ac0ff411f69f66dcdb45c5", "points": 10}
{"campaign_id": 1, "player_ucid": "7c4794705e76829b90220bc15292907e", "points": 10}
{"campaign_id": 1, "player_ucid": "2cb037ce1e20a07acbee8f38666c355b", "points": 10}
{"campaign_id": 1, "player_ucid": "674af3473c73f9e3bae3971b07ffae1d", "points": 10}
{"campaign_id": 1, "player_ucid": "ccc8c00291e382e527c9d0e4925af711", "points": 10}
{"campaign_id": 1, "player_ucid": "74df7d4238305dc901fc1b87c9e18c19", "points": 10}
{"campaign_id": 1, "player_ucid": "413d810a5451d2080c235466ea7dc3cf", "points": 23}
{"campaign_id": 1, "player_ucid": "c5ad7bf3510750a7fd975216b94ab68a", "points": 10}
{"campaign_id": 1, "player_ucid": "f27bcc7169af5c454c2b19db314817e8", "points": 10}
{"campaign_id": 1, "player_ucid": "83e78382d1b1ff42b043a65a8b047563", "points": 10}
{"campaign_id": 1, "player_ucid": "7d1447955d1935ac5bab7251e7df9993", "points": 10}
{"campaign_id": 1, "player_ucid": "45dec4c1bacdfb8f58296ff55bddb0ba", "points": 10}
{"campaign_id": 1, "player_ucid": "ea1be7650fe151ffe71b97c0521914d5", "points": 10}
{"campaign_id": 1, "player_ucid": "7e0c656734330bc18678b8f1a098c426", "points": 10}
{"campaign_id": 1, "player_ucid": "372d388afdf98f6b7c6b640ee1b49ef3", "points": 13}
{"campaign_id": 1, "player_ucid": "b0a866d3551b4b3136c8225cec8091c3", "points": 10}
{"campaign_id": 1, "player_ucid": "3a62e8ffe486e4aea72000a769d1badb", "points": 10}
{"campaign_id": 1, "player_ucid": "1186c1f96698a8d3225f071c662e64f8", "points": 37}
{"campaign_id": 1, "player_ucid": "93852be26ae59d0c0f95392dc26469b8", "points": 10}
{"campaign_id": 1, "player_ucid": "7646cd0efecb29a215dce03ffaccbe6e", "points": 10}
{"campaign_id": 1, "player_ucid": "9dc9640bc4696be7d7c25f19b1a27ef5", "points": 10}
{"campaign_id": 1, "player_ucid": "0df0edb30fc4c99bd1a358dd65cb38e5", "points": 10}
{"campaign_id": 1, "player_ucid": "0d5ff45c0d82ee49113c92a4c2d307fd", "points": 10}
{"campaign_id": 1, "player_ucid": "839ede1dd946b13cbc9623d85aa19722", "points": 10}
{"campaign_id": 1, "player_ucid": "24e141b2b255b454622fd465ca919f01", "points": 10}
{"campaign_id": 1, "player_ucid": "3829256016936b3142af568078d0ba6c", "points": 10}
{"campaign_id": 1, "player_ucid": "ace43240823fad78f2b6138879992eaf", "points": 10}
{"campaign_id": 1, "player_ucid": "1a6650d7fbe2284eb19a40344a30cba5", "points": 13}
{"campaign_id": 1, "player_ucid": "221c00163129c691808be9ccb4dfe6d4", "points": 10}
{"campaign_id": 1, "player_ucid": "c5e1d5c2ff9d071727eeb99e24b0f492", "points": 10}
{"campaign_id": 1, "player_ucid": "ecf7d0c7a4a6c805053584c0bfaea7b7", "points": 13}
{"campaign_id": 1, "player_ucid": "9eb24d67d1ce9834873b5fd18a4cdb06", "points": 10}
{"campaign_id": 1, "player_ucid": "4cf06add6e7e822cf758f5538f1c257e", "points": 10}
{"campaign_id": 1, "player_ucid": "8396a93f512526fd957df0270e19bdc4", "points": 14}
{"campaign_id": 1, "player_ucid": "89aba52c6532dcaa8a3fcdbb904c4c26", "points": 10}
{"campaign_id": 1, "player_ucid": "b2762aa40ca0107663c89abdeefdfee6", "points": 10}
{"campaign_id": 1, "player_ucid": "9b44965ad4e382a6dc88c2213a8bea67", "points": 86}
{"campaign_id": 1, "player_ucid": "4be9115ca21e8ddf31ec92f2a065ccb2", "points": 10}
{"campaign_id": 1, "player_ucid": "ce5daf7b948f6e509678cbad75a57b60", "points": 1243}
{"campaign_id": 1, "player_ucid": "ee86eea3260292bf86fa76bb2121f68a", "points": 10}
{"campaign_id": 1, "player_ucid": "6697147247d9602d168986b5d8bd19ff", "points": 10}
{"campaign_id": 1, "player_ucid": "0ce36aa377050a548bc8d454fa67677d", "points": 10}
{"campaign_id": 1, "player_ucid": "456a4e87853a14aa2dc7c45b366772b2", "points": 10}
{"campaign_id": 1, "player_ucid": "ed50d1207641c2e7eddef54a7567d9c5", "points": 24}
{"campaign_id": 1, "player_ucid": "1e7a89638091f4d32f68fed92fcc0c8a", "points": 16}
{"campaign_id": 1, "player_ucid": "4bb74a26c1242fa29db72cc5b45db9b7", "points": 83}
{"campaign_id": 1, "player_ucid": "75e57d5195b6b2a5cb223518404691a7", "points": 10}
{"campaign_id": 1, "player_ucid": "0ea5c114c3e4e646bd22c2f9af96fac4", "points": 10}
{"campaign_id": 1, "player_ucid": "19ab073147826c8e06e28aabb01f4102", "points": 10}
{"campaign_id": 1, "player_ucid": "f38944bdfe1ac4084e0004f87e1336f3", "points": 10}
{"campaign_id": 1, "player_ucid": "7421620e88820735f9f3ba0687a00795", "points": 10}
{"campaign_id": 1, "player_ucid": "ad9bb72d478f587d4c3a8b83d6458727", "points": 10}
{"campaign_id": 1, "player_ucid": "a2dff9e26f6c81186fda102a26ea6374", "points": 28}
{"campaign_id": 1, "player_ucid": "45e03802b45c214d82ed227cd5aadf24", "points": 10}
{"campaign_id": 1, "player_ucid": "b36e92c0cda21cf0ec617678b058f956", "points": 10}
{"campaign_id": 1, "player_ucid": "2f93ac24d6e6f43ed713440aa4ef8cfc", "points": 13}
{"campaign_id": 1, "player_ucid": "2e2ab093492e4850e4a1eeff1315bbca", "points": 10}
{"campaign_id": 1, "player_ucid": "b1afcfbd749fefee17f4b87e1efb7843", "points": 10}
{"campaign_id": 1, "player_ucid": "0ae85843d4ee6fd14c27ac32ae70b592", "points": 10}
{"campaign_id": 1, "player_ucid": "a9907ccfb4edd5eba8efd3346fdf7747", "points": 10}
{"campaign_id": 1, "player_ucid": "8ed204804ddc52529696225395b82f21", "points": 10}
{"campaign_id": 1, "player_ucid": "6cde5c96fd01bd0dd109566b73bd7323", "points": 10}
{"campaign_id": 1, "player_ucid": "121ea88ca1d3b5458eb4598cf3039371", "points": 10}
{"campaign_id": 1, "player_ucid": "dda000328963df7aa61df6a1442f1558", "points": 28}
{"campaign_id": 1, "player_ucid": "e8cbd2303ee75ffad8b97b24b68147b2", "points": 11}
{"campaign_id": 1, "player_ucid": "0eefb8187a16add6a48ae03a0322caf3", "points": 16}
{"campaign_id": 1, "player_ucid": "5e09c6d4597084b61a71df4dcc9f099e", "points": 10}
{"campaign_id": 1, "player_ucid": "c32434e245682333de9e45da9c9950e0", "points": 10}
{"campaign_id": 1, "player_ucid": "9ad15baa8b84d2f4c2508f1dfb8a2c7b", "points": 10}
{"campaign_id": 1, "player_ucid": "09b1d6c11a8892a6c6e9102e7e9dc651", "points": 10}
{"campaign_id": 1, "player_ucid": "b107e05f9c3b21ebe4cb2241540c3a1b", "points": 10}
{"campaign_id": 1, "player_ucid": "4799713842db04db1e836636d4854a1b", "points": 99}
{"campaign_id": 1, "player_ucid": "2f5f43adb6c5a5600be02f8659914e7a", "points": 10}
{"campaign_id": 1, "player_ucid": "24b4f7d13e29793063d80130e9261b71", "points": 10}
{"campaign_id": 1, "player_ucid": "bc6494cdb585c22ddffc85dd35cdf57f", "points": 10}
{"campaign_id": 1, "player_ucid": "2c13a25ff6e636d2c4919464257d3494", "points": 10}
{"campaign_id": 1, "player_ucid": "dfb83104fe3462246e82c9084c95fbc0", "points": 44}
{"campaign_id": 1, "player_ucid": "659349284fbebd9be7a04821a9cfc531", "points": 10}
{"campaign_id": 1, "player_ucid": "9fa72a1e99291d140d3388c001102c81", "points": 10}
{"campaign_id": 1, "player_ucid": "a860f6e1a14f021c66a674af4cc45f6f", "points": 10}
{"campaign_id": 1, "player_ucid": "f615012521507f4aa715ce3ec65f6bc0", "points": 10}
{"campaign_id": 1, "player_ucid": "be2a3b8e8eadd819c9a050821413cd2f", "points": 10}
{"campaign_id": 1, "player_ucid": "4096e8a8b2ae335c7a8df6fb518211c6", "points": 11}
{"campaign_id": 1, "player_ucid": "94594ec73de55d3e4039e84d8660e7f7", "points": 29}
{"campaign_id": 1, "player_ucid": "f1a2d5f035fce5eeb816cf670f365404", "points": 22}
{"campaign_id": 1, "player_ucid": "810cde70de04aa4ce21354f825e3e848", "points": 10}
{"campaign_id": 1, "player_ucid": "164aca5860edf384eefb89ec8a7c39fd", "points": 15}
{"campaign_id": 1, "player_ucid": "bc472cb60e769620efa45ff6d1a4b650", "points": 10}
{"campaign_id": 1, "player_ucid": "0e7ac186fdf19de064cddfd94b60ac5c", "points": 10}
{"campaign_id": 1, "player_ucid": "56a786b442eaf55a6d4584940b605d05", "points": 36}
{"campaign_id": 1, "player_ucid": "8c2d20fcfe2e668c1553a601e12117d6", "points": 14}
{"campaign_id": 1, "player_ucid": "f2eb2b98b89742da384b6a2fbcaf4891", "points": 17}
{"campaign_id": 1, "player_ucid": "3d3adc63e46f95993955551459f4d7a6", "points": 10}
{"campaign_id": 1, "player_ucid": "b3411d6eeac850f4ec2b8279cd7f7879", "points": 10}
{"campaign_id": 1, "player_ucid": "0b291d6bc7c2a492f9c0e1c351188348", "points": 10}
{"campaign_id": 1, "player_ucid": "f64abfd217cbea1227e51dbfcc9ca9f3", "points": 10}
{"campaign_id": 1, "player_ucid": "f3e2746d8adeee1417b500dc4c51c65f", "points": 10}
{"campaign_id": 1, "player_ucid": "deee8a4c24e157636c427d3965bd0c0e", "points": 10}
{"campaign_id": 1, "player_ucid": "34bae4d9ebe288c34ae6b5a4996dc02d", "points": 10}
{"campaign_id": 1, "player_ucid": "9f197bef2b07fa91775b70d4b7e25373", "points": 14}
{"campaign_id": 1, "player_ucid": "dc4ccf2d6a1bdbf14e8870184678e183", "points": 10}
{"campaign_id": 1, "player_ucid": "658fa9f15106d36c9ba62ecd48719564", "points": 10}
{"campaign_id": 1, "player_ucid": "7fed4db493975bea22ba109151b7cf90", "points": 10}
{"campaign_id": 1, "player_ucid": "aee43cc7eb5e6922f70555ae2e47ede3", "points": 10}
{"campaign_id": 1, "player_ucid": "38156654aada1036d96ab30ddcaf4a26", "points": 10}
{"campaign_id": 1, "player_ucid": "324bd771f2acd5b07a04960ec80116d9", "points": 10}
{"campaign_id": 1, "player_ucid": "3de7faa22559a0fbb1fcfb323a45d6f0", "points": 10}
{"campaign_id": 1, "player_ucid": "2cb7be7631b5ca268ec39619c14f0d83", "points": 10}
{"campaign_id": 1, "player_ucid": "c7c72e8100956ab1e8ef217226ae1112", "points": 10}
{"campaign_id": 1, "player_ucid": "c52d5f4d0d01f625c9347077317f3312", "points": 10}
{"campaign_id": 1, "player_ucid": "e8d9680e2cc97b2cb03fbf8b0d1beb4d", "points": 18}
{"campaign_id": 1, "player_ucid": "a4e901d759fdda2b835322d592b4a1cd", "points": 10}
{"campaign_id": 1, "player_ucid": "dfaa4ff46ba357887edbadd8a9cfd938", "points": 10}
{"campaign_id": 1, "player_ucid": "6e0254618a4bfdb8b91223a8daba845c", "points": 10}
{"campaign_id": 1, "player_ucid": "3dc2828008d77a0980b09eee81bb399b", "points": 10}
{"campaign_id": 1, "player_ucid": "a5345d2964eb7834e4fabe3be24910da", "points": 10}
{"campaign_id": 1, "player_ucid": "deca3e20a4b4ddeb9ded2afe187d7b28", "points": 10}
{"campaign_id": 1, "player_ucid": "ceffa813975a489d82fa34d0df90bfb6", "points": 10}
{"campaign_id": 1, "player_ucid": "e5b0a32ac929b9df0dd07a6ba8c853bb", "points": 10}
{"campaign_id": 1, "player_ucid": "8c5c848b48b08f59c521b5d881180b69", "points": 10}
{"campaign_id": 1, "player_ucid": "c806efb409f774f322920e120963dda4", "points": 10}
{"campaign_id": 1, "player_ucid": "8e24ccdbb1e5444e710f53b28c990552", "points": 22}
{"campaign_id": 1, "player_ucid": "d62035f1ce7d277369fd085c92ff9b26", "points": 18}
{"campaign_id": 1, "player_ucid": "8992c951c12086edbc9232aa9ed92032", "points": 10}
{"campaign_id": 1, "player_ucid": "d3efc79c196afe896a2515469ebf2962", "points": 10}
{"campaign_id": 1, "player_ucid": "11dd2a572e88aa8c6450d1bf9756805a", "points": 10}
{"campaign_id": 1, "player_ucid": "a2809b7caa42630995d706c2a4b33df8", "points": 10}
{"campaign_id": 1, "player_ucid": "0b5bbbaa12c2d83cf256f1a75b0c8aa1", "points": 10}
{"campaign_id": 1, "player_ucid": "17a57640e266f36caf238f23825bddfe", "points": 10}
{"campaign_id": 1, "player_ucid": "b85f991ebadae17c39e1597a371dd7cc", "points": 10}
{"campaign_id": 1, "player_ucid": "b121159a618c5e02549c04358046b00d", "points": 10}
{"campaign_id": 1, "player_ucid": "638e9306a0f0c6079519e7e68a678571", "points": 10}
{"campaign_id": 1, "player_ucid": "4394d20d1888394dbbea898504214987", "points": 10}
{"campaign_id": 1, "player_ucid": "134a37f454443af14b93514a55d5a5f1", "points": 10}
{"campaign_id": 1, "player_ucid": "c5bf654b7f60874e577424737a4ced30", "points": 10}
{"campaign_id": 1, "player_ucid": "01f8e47058bd6cc8976299d1bdbe9ac9", "points": 10}
{"campaign_id": 1, "player_ucid": "392c36d734f2dd94f06591b9eee360d5", "points": 10}
{"campaign_id": 1, "player_ucid": "a43fa14d0de2b5d6cf860cc7ad786b06", "points": 10}
{"campaign_id": 1, "player_ucid": "83b61be21706eb621f9e0880f0b89b89", "points": 10}
{"campaign_id": 1, "player_ucid": "8af6283a5dfab72aeb119f400d192aac", "points": 10}
{"campaign_id": 1, "player_ucid": "1f9d5fa87c0293d92e4e8a7a4a8c462c", "points": 10}
{"campaign_id": 1, "player_ucid": "19965b946f763d8792040e4bdc69216c", "points": 22}
{"campaign_id": 1, "player_ucid": "6e78ab094f4d5eae74fbcf74b12aa038", "points": 10}
{"campaign_id": 1, "player_ucid": "abf6030c5ada1b7e81743f630e6b7eec", "points": 10}
{"campaign_id": 1, "player_ucid": "e8730274449754abef2ec4cf3d02e397", "points": 10}
{"campaign_id": 1, "player_ucid": "b433808997e78c2ae06c465a08922f18", "points": 278}
{"campaign_id": 1, "player_ucid": "c0e048b4df1ee96c4e37415660484e83", "points": 10}
{"campaign_id": 1, "player_ucid": "d551baeb8b6027b6c0153a58185efcfc", "points": 26}
{"campaign_id": 1, "player_ucid": "be603981ef2d0d297a1daeb3c0b61418", "points": 22}
{"campaign_id": 1, "player_ucid": "a277ce4501a7f906f6817cd4fa00096f", "points": 10}
{"campaign_id": 1, "player_ucid": "fb0953b51a8943fc49658decbabc3064", "points": 31}
{"campaign_id": 1, "player_ucid": "6f9a79f14b935ecca37402f842a2977f", "points": 10}
{"campaign_id": 1, "player_ucid": "2a7d42935b22a849dc98a5c382650da7", "points": 10}
{"campaign_id": 1, "player_ucid": "11acfcff9467f7dae2ff21ba6b06f6e9", "points": 10}
{"campaign_id": 1, "player_ucid": "68302b970b042ff7d86bd03e29240d65", "points": 38}
{"campaign_id": 1, "player_ucid": "c6ed57797dae85ec2cd1323ce047fc38", "points": 10}
{"campaign_id": 1, "player_ucid": "516fe3639713806e8e599d3a8fdcbbd0", "points": 0}
{"campaign_id": 1, "player_ucid": "1b68c8a15ec7f7964c8b9a7a8faab3c2", "points": 26}
{"campaign_id": 1, "player_ucid": "614b583467628d5165ac5572ac2ffd92", "points": 10}
{"campaign_id": 1, "player_ucid": "d97b8d7bd558f82906e5b21945a74e97", "points": 14}
{"campaign_id": 1, "player_ucid": "e58ff80c7093b4c53901aa2253b0fc95", "points": 22}
{"campaign_id": 1, "player_ucid": "279f96ac971dcce5867c054dad98363c", "points": 38}
{"campaign_id": 1, "player_ucid": "f67ce1704656ed13ee19fec0f11a5db2", "points": 22}
{"campaign_id": 1, "player_ucid": "19a4b3b443f356a17ff8d3efc6b2931d", "points": 46}
{"campaign_id": 1, "player_ucid": "456b6131bbbd417cdf3bba6d39b24ca2", "points": 10}
{"campaign_id": 1, "player_ucid": "06831b92d75e47a0dbd5c5c9d78591e3", "points": 10}
{"campaign_id": 1, "player_ucid": "65bea2d989f0b2d7b762a0c41f2f3d0a", "points": 10}
{"campaign_id": 1, "player_ucid": "fba9ea87fd8e866f2f481fe932f874c9", "points": 10}
{"campaign_id": 1, "player_ucid": "e035c851f92467bbfa1b20eee1726b7f", "points": 10}
{"campaign_id": 1, "player_ucid": "e97f06266585bc7faec65b1ae6d3052b", "points": 10}
{"campaign_id": 1, "player_ucid": "e98631baabd202ebe7ec7b35ed0a7ebf", "points": 24}
{"campaign_id": 1, "player_ucid": "76f8091d3da8f37f8b3c957ca168a5f6", "points": 38}
{"campaign_id": 1, "player_ucid": "0ae07538ba93d4e7fb801052995d6acc", "points": 10}
{"campaign_id": 1, "player_ucid": "a9590519725a2d86aa606a0a13f8797d", "points": 14}
{"campaign_id": 1, "player_ucid": "080a1bc711a2b2023ea0006175ccea2a", "points": 10}
{"campaign_id": 1, "player_ucid": "24c196871cc2e7703358cdeee3b2b32b", "points": 10}
{"campaign_id": 1, "player_ucid": "d29a6d792950c3cb4021b9d2ded82bd8", "points": 10}
{"campaign_id": 1, "player_ucid": "c8ab484cfacd80eaa39ba1dfa691ba13", "points": 10}
{"campaign_id": 1, "player_ucid": "8ecd8b61761a6e2423ce01f697ffb2e7", "points": 10}
{"campaign_id": 1, "player_ucid": "b0e9f755e32f90da4963383ab3f2d808", "points": 4}
{"campaign_id": 1, "player_ucid": "474e5f118721103b6bf114e63ebe1b5c", "points": 10}
{"campaign_id": 1, "player_ucid": "2289deb96bcf9d7bdbca78da670d7236", "points": 10}
{"campaign_id": 1, "player_ucid": "d9e86dd7df89c599d9e5bbe4352a148d", "points": 10}
{"campaign_id": 1, "player_ucid": "01169034c63634cf1e18cad0d3611cb9", "points": 10}
{"campaign_id": 1, "player_ucid": "bb551a60022b2444e5cdd33981c4a7b1", "points": 10}
{"campaign_id": 1, "player_ucid": "5ee42507c888cf2e059016d457d6497a", "points": 10}
{"campaign_id": 1, "player_ucid": "e47226ae74c72579fec7f2988a27c274", "points": 10}
{"campaign_id": 1, "player_ucid": "e198edc22132265fef4d0f995e86b805", "points": 10}
{"campaign_id": 1, "player_ucid": "88fad140e306bfa4c74ee41943077665", "points": 10}
{"campaign_id": 1, "player_ucid": "14461b6fe1ff127412f0e8f74ca4fab7", "points": 10}
{"campaign_id": 1, "player_ucid": "30557e095c2116facc47dded8c2b538d", "points": 10}
{"campaign_id": 1, "player_ucid": "5d90696b45261c05005d38d7c440ea74", "points": 10}
{"campaign_id": 1, "player_ucid": "885a576f4fb70001d9d8f7e2f873a0ef", "points": 22}
{"campaign_id": 1, "player_ucid": "0cd0f48a04ebf92459a423b37544846d", "points": 20}
{"campaign_id": 1, "player_ucid": "8b075295132c5896015c5096224f09d1", "points": 25}
{"campaign_id": 1, "player_ucid": "8d29d05bcbc028f7f9a25147be9f4ce6", "points": 17}
{"campaign_id": 1, "player_ucid": "913c3c6e159bf5a4b484621e40260a96", "points": 1464}
{"campaign_id": 1, "player_ucid": "f5aadc76b8bc0dcd605881ec5b260e48", "points": 10}
{"campaign_id": 1, "player_ucid": "d2dd1d44b9942e114317ace941f92907", "points": 10}
{"campaign_id": 1, "player_ucid": "144f4ac880e40338d5fdd92e401a3dea", "points": 10}
{"campaign_id": 1, "player_ucid": "182239a7a3fc3d503c4be8fb12697cf0", "points": 10}
{"campaign_id": 1, "player_ucid": "ca8d4558396cbeb047964978944294c4", "points": 10}
{"campaign_id": 1, "player_ucid": "5b118019e9d505de3d3d9693b2f28ac9", "points": 10}
{"campaign_id": 1, "player_ucid": "fcfde6105776277cff2192429ed1002e", "points": 10}
{"campaign_id": 1, "player_ucid": "5869bfb5b06a583cc60ec5daeef8d5e0", "points": 10}
{"campaign_id": 1, "player_ucid": "77babf7f049c1125e21b2d6eec5f183d", "points": 10}
{"campaign_id": 1, "player_ucid": "d769265df6d955dcb9dd5069acbf4fdd", "points": 10}
{"campaign_id": 1, "player_ucid": "f070ab27f0f55f6a61dc42104743e4e4", "points": 10}
{"campaign_id": 1, "player_ucid": "4310b4959d04a1d586a091ade7d05b52", "points": 10}
{"campaign_id": 1, "player_ucid": "66e5961e9c38ac6807c4fa6dce10b4c6", "points": 10}
{"campaign_id": 1, "player_ucid": "bf5b9d45c275530993cc69a0d658f8f1", "points": 10}
{"campaign_id": 1, "player_ucid": "8b4723980eae73f1745e4648c313c96c", "points": 10}
{"campaign_id": 1, "player_ucid": "910ba627ed23f8bc1cfa7f98b2df38a1", "points": 10}
{"campaign_id": 1, "player_ucid": "c7cc8adfc16946912bbfcac3330b2611", "points": 10}
{"campaign_id": 1, "player_ucid": "6cca5f9b14384c596ee2730514bbdfff", "points": 10}
{"campaign_id": 1, "player_ucid": "ae4800b0803789012b96cd5e2726865f", "points": 10}
{"campaign_id": 1, "player_ucid": "34b64ce713d2875e52851d5bd99e4f1d", "points": 10}
{"campaign_id": 1, "player_ucid": "26cb279c7494fee6e61e603ced89ad2d", "points": 10}
{"campaign_id": 1, "player_ucid": "9caab884f5c9431cca9b3abb3aa414b4", "points": 10}
{"campaign_id": 1, "player_ucid": "c8d9a66f3ee42533334cb374ab753445", "points": 10}
{"campaign_id": 1, "player_ucid": "02a949a1b88877ca39c516b05ced0667", "points": 10}
{"campaign_id": 1, "player_ucid": "f97a42c0c18549bed259d3886918fa53", "points": 10}
{"campaign_id": 1, "player_ucid": "256ad3821cb39df57c0616cbf109bae8", "points": 10}
{"campaign_id": 1, "player_ucid": "61fe8d472b42c10e2158e185e3172b04", "points": 10}
{"campaign_id": 1, "player_ucid": "b67b4cda0793248298ee4b7468fd6d20", "points": 10}
{"campaign_id": 1, "player_ucid": "6a92b994e7a1e90653ce6e75ab1509d6", "points": 10}
{"campaign_id": 1, "player_ucid": "454835b199feba23150168c2c57971e1", "points": 10}
{"campaign_id": 1, "player_ucid": "ecdfaa1fc03c19f19f0b91c0030da12d", "points": 10}
{"campaign_id": 1, "player_ucid": "bac2803528aab575922dd18ad57a5387", "points": 10}
{"campaign_id": 1, "player_ucid": "50e20635ca0510a989379c338a2ae76b", "points": 14}
{"campaign_id": 1, "player_ucid": "9a63736be2b07887cff51b8b551a2564", "points": 14}
{"campaign_id": 1, "player_ucid": "9a79057d720166ae489e1ff49bc562c6", "points": 10}
{"campaign_id": 1, "player_ucid": "ff771b4c6d67745a1ac6b45227ae010d", "points": 10}
{"campaign_id": 1, "player_ucid": "eb6c941b73c1d0880bab8f39a0cf7de7", "points": 10}
{"campaign_id": 1, "player_ucid": "644625624f3e0f29ef2ed03b170551f0", "points": 14}
{"campaign_id": 1, "player_ucid": "8d48ff3569dc9372eb33444f149692ef", "points": 10}
{"campaign_id": 1, "player_ucid": "13ce0334498cbeed91d308974d73a6ac", "points": 14}
{"campaign_id": 1, "player_ucid": "3d5ec21a9de98f81ec26106830dff9a4", "points": 24}
{"campaign_id": 1, "player_ucid": "11f2aa0a146caee8576095f662134e6c", "points": 10}
{"campaign_id": 1, "player_ucid": "917c75c50769596db5cc54500396c7cc", "points": 18}
{"campaign_id": 1, "player_ucid": "a34ef8671a0b6b7b5dbbdb22d683ee58", "points": 14}
{"campaign_id": 1, "player_ucid": "f1d4fc5e80cbe33f1796b832acbae7bb", "points": 10}
{"campaign_id": 1, "player_ucid": "bf1ea93947d51b6ec0037a3d845fe03e", "points": 10}
{"campaign_id": 1, "player_ucid": "c97e41fbade1f423f0b45ec429fe9c8f", "points": 10}
{"campaign_id": 1, "player_ucid": "3f2a748c66d8572d8091e97c4838723b", "points": 0}
{"campaign_id": 1, "player_ucid": "4aa102572d9dd46dc24f3f8a6d712f08", "points": 10}
{"campaign_id": 1, "player_ucid": "bfa50a72c3fa3c9dfedc98fcca45e11e", "points": 10}
{"campaign_id": 1, "player_ucid": "7acfaddba9dfcef5f814cb726a9c82bc", "points": 10}
{"campaign_id": 1, "player_ucid": "6d180c85cc4395b9f5a75f932197f64e", "points": 14}
{"campaign_id": 1, "player_ucid": "0b05899622c1b1da121819e606be734c", "points": 10}
{"campaign_id": 1, "player_ucid": "eb3f35f84e9f79fa68a89817e5e70c9f", "points": 10}
{"campaign_id": 1, "player_ucid": "32e606ae8016459ae4d347227fdc577f", "points": 34}
{"campaign_id": 1, "player_ucid": "1866b35e0941f0ddbcc4fe0463815f8b", "points": 26}
{"campaign_id": 1, "player_ucid": "9ff797b9e390c04498862dbdff1656a1", "points": 10}
{"campaign_id": 1, "player_ucid": "09eb4f9ef79ec722cd1be908cdf5a1be", "points": 26}
{"campaign_id": 1, "player_ucid": "6e3406585376059e2d88c642dfa9693c", "points": 10}
{"campaign_id": 1, "player_ucid": "d2993a8aeae1058631fadb9938bfa483", "points": 14}
{"campaign_id": 1, "player_ucid": "0b9dc120a0a75defa6715398a0ef0ff3", "points": 42}
{"campaign_id": 1, "player_ucid": "2e1702e78b2adefe5f8f3101a9f3685c", "points": 10}
{"campaign_id": 1, "player_ucid": "114079aeb848d1e71209dcf144c0cea2", "points": 10}
{"campaign_id": 1, "player_ucid": "78013b221dcc07478ed016d678fb3b8b", "points": 10}
{"campaign_id": 1, "player_ucid": "8e2542cc1b37e5c4559bc4e22320a69a", "points": 10}
{"campaign_id": 1, "player_ucid": "74dd01bf004d3e0ecc04d8dba0698dbd", "points": 10}
{"campaign_id": 1, "player_ucid": "ca360c9e6f6cbc2826207cd0856003dd", "points": 10}
{"campaign_id": 1, "player_ucid": "ea02cc382189ff77bee0412368a9be5d", "points": 10}
{"campaign_id": 1, "player_ucid": "1c5f3d9638ac05fc2be4799bb900b288", "points": 10}
{"campaign_id": 1, "player_ucid": "6566df1f4be497f02f3c2f034b1bc94d", "points": 38}
{"campaign_id": 1, "player_ucid": "b78f3258dc4867cd3adaa0edaaf4c5ba", "points": 14}
{"campaign_id": 1, "player_ucid": "a894aad0ba5f90702d41bd19ca350265", "points": 10}
{"campaign_id": 1, "player_ucid": "2e20beaa98e312627653910c6bd00bea", "points": 34}
{"campaign_id": 1, "player_ucid": "f4ebf0353317416700d56296b8f5508e", "points": 10}
{"campaign_id": 1, "player_ucid": "d392082303727e1b2a4a3ccfdb228e98", "points": 10}
{"campaign_id": 1, "player_ucid": "a6cff5712771d956fd9bec3ff8836fc7", "points": 10}
{"campaign_id": 1, "player_ucid": "f7e99e8681b64a1b8529599bfab67443", "points": 10}
{"campaign_id": 1, "player_ucid": "d32ed8865faa4d195863264ddd796342", "points": 10}
{"campaign_id": 1, "player_ucid": "839546cf94c9379597f78bd92312a1f3", "points": 10}
{"campaign_id": 1, "player_ucid": "96f3ada1f5b6197959f7ba0f50ccde17", "points": 10}
{"campaign_id": 1, "player_ucid": "cb454d0f8be5c60c300ee3f479695fbe", "points": 10}
{"campaign_id": 1, "player_ucid": "b55fde18e05860b691d2c32bd8e1c4a4", "points": 10}
{"campaign_id": 1, "player_ucid": "e0151ff439a20f3a84aadcc7cf9a287d", "points": 10}
{"campaign_id": 1, "player_ucid": "1c2ff4e851ae511e20fd23f5deb5a6e1", "points": 18}
{"campaign_id": 1, "player_ucid": "130363f07bd5992ffe0e4197a1532557", "points": 10}
{"campaign_id": 1, "player_ucid": "c4ba8560e1b85aa09761c8f7428a601f", "points": 10}
{"campaign_id": 1, "player_ucid": "151a28c1c549e1749b22c62115e7edd8", "points": 10}
{"campaign_id": 1, "player_ucid": "a1e422a0361c6d60df3c558d3d07da84", "points": 10}
{"campaign_id": 1, "player_ucid": "b5f37161f8793c7e501c3f31d2810cc6", "points": 10}
{"campaign_id": 1, "player_ucid": "d03e2eee0aefa94a4157bef01a24b042", "points": 10}
{"campaign_id": 1, "player_ucid": "338123b3892f4a5841434b629be3cd56", "points": 10}
{"campaign_id": 1, "player_ucid": "48968b042f65cf1cae30c9db36ea1589", "points": 10}
{"campaign_id": 1, "player_ucid": "85786f4562f16127031236470a2f2f87", "points": 10}
{"campaign_id": 1, "player_ucid": "8f12120bd747e17e7e48b6aa9912de28", "points": 10}
{"campaign_id": 1, "player_ucid": "b4e56d294bdc6b4c4a189484931d46ea", "points": 4}
{"campaign_id": 1, "player_ucid": "f1900e18755834ed13c6622cc301d7a6", "points": 30}
{"campaign_id": 1, "player_ucid": "3904261c1dc24173b378035362cd6f82", "points": 10}
{"campaign_id": 1, "player_ucid": "76bd832b727e5c5833437d39ec6b1c17", "points": 10}
{"campaign_id": 1, "player_ucid": "2c43e6b0b4152edca08dcfcceb7a3ce0", "points": 10}
{"campaign_id": 1, "player_ucid": "86344173f24ac6fa487a9dfc2a3ebac5", "points": 54}
{"campaign_id": 1, "player_ucid": "a6dd27813c6b2878bb3edeca9266b1bd", "points": 10}
{"campaign_id": 1, "player_ucid": "f311a6d0351120c2abcd018cefaca638", "points": 10}
{"campaign_id": 1, "player_ucid": "c97e361b0d6ccef4112c72a5668d43e1", "points": 22}
{"campaign_id": 1, "player_ucid": "2650e48aed2c8de2f62dff1a4c821e7a", "points": 28}
{"campaign_id": 1, "player_ucid": "99837dcfaf1e73eccde42fe17d2dcd9e", "points": 42}
{"campaign_id": 1, "player_ucid": "c8c8610c9df0d0e78063c24955187e5e", "points": 10}
{"campaign_id": 1, "player_ucid": "47ee36668842569a6df3cf87b832b1e1", "points": 10}
{"campaign_id": 1, "player_ucid": "909832a3df0c4de8e3d8c6c28088736d", "points": 10}
{"campaign_id": 1, "player_ucid": "74d2bc14adce665bc9d8bf115836b51a", "points": 10}
{"campaign_id": 1, "player_ucid": "6cdd67711bf65c7b0083e0da95019fa3", "points": 10}
{"campaign_id": 1, "player_ucid": "87f67e52b60000c427ece25e9bd3f18f", "points": 10}
{"campaign_id": 1, "player_ucid": "eabe2739ab48bc5e1970f30f8f462bd5", "points": 10}
{"campaign_id": 1, "player_ucid": "929f4352df68840bb7575dce2dba0ba3", "points": 10}
{"campaign_id": 1, "player_ucid": "628d32b3b2be78743528f91d6a23d8fb", "points": 18}
{"campaign_id": 1, "player_ucid": "fa48eb07e3d233449046cf8db58a3a02", "points": 10}
{"campaign_id": 1, "player_ucid": "e7234c5ec1f9efddcd2e70581a538dde", "points": 10}
{"campaign_id": 1, "player_ucid": "d5c8a5a5c033561f1502a0a7f4a0be18", "points": 10}
{"campaign_id": 1, "player_ucid": "45deb5bd273fae835f4dca286ad61b47", "points": 10}
{"campaign_id": 1, "player_ucid": "95101d25063a7f138b6404222c3f9b9c", "points": 10}
{"campaign_id": 1, "player_ucid": "5a7a8523cdbf40659154b8220337df47", "points": 10}
{"campaign_id": 1, "player_ucid": "ba8eefac448486631387d77f8fc9eba0", "points": 10}
{"campaign_id": 1, "player_ucid": "3d36131225f505a0a2b946a9e7543813", "points": 10}
{"campaign_id": 1, "player_ucid": "98864e249f81315b04b271b7c6127a4d", "points": 10}
{"campaign_id": 1, "player_ucid": "6968733bf1d6c80d9f3658054e336346", "points": 22}
{"campaign_id": 1, "player_ucid": "533bd1810afb4e83828c8e99a35659ea", "points": 10}
{"campaign_id": 1, "player_ucid": "84078c978536ee8f382a873bdec4a61e", "points": 10}
{"campaign_id": 1, "player_ucid": "ab24509a91b1336692b1967bf22c4148", "points": 10}
{"campaign_id": 1, "player_ucid": "c3fc4b0b9e72b376747aa6d3128b2463", "points": 10}
{"campaign_id": 1, "player_ucid": "edbe8d394b1e92927b78e8879d8c157d", "points": 13}
{"campaign_id": 1, "player_ucid": "0dbf0ac58b50c5b1778e3f4a3678042c", "points": 10}
{"campaign_id": 1, "player_ucid": "538779f5a899fed9ee8cb04d2738fcdd", "points": 10}
{"campaign_id": 1, "player_ucid": "917c6b5515e86ea0f0eacd0b3b40764d", "points": 10}
{"campaign_id": 1, "player_ucid": "8d0ed1acd7787d531f2f6757813d06ec", "points": 18}
{"campaign_id": 1, "player_ucid": "b81cab0a2ef642090314f0bfa1a4f00f", "points": 10}
{"campaign_id": 1, "player_ucid": "c78c1b713dcaf4739084e379fabaf1c1", "points": 10}
{"campaign_id": 1, "player_ucid": "32b38135b26c1e87381aa25505ea0575", "points": 10}
{"campaign_id": 1, "player_ucid": "9d6185acc75ad72aca1a7004f0b43c3a", "points": 10}
{"campaign_id": 1, "player_ucid": "1af34dce77407583bc3dcf33b8b23341", "points": 10}
{"campaign_id": 1, "player_ucid": "6c8f3fb9e70ab12a79e2b0b74fec52cf", "points": 10}
{"campaign_id": 1, "player_ucid": "b9c95113be32e89d9ef4e50a0585ca9a", "points": 10}
{"campaign_id": 1, "player_ucid": "e5d28b60d0074a74c8430ce23f53e812", "points": 10}
{"campaign_id": 1, "player_ucid": "74b88b529d843d1b4080b42c547f14ed", "points": 10}
{"campaign_id": 1, "player_ucid": "0cd37d8677b12eed67e094c8480812f9", "points": 10}
{"campaign_id": 1, "player_ucid": "8203e15eabeeaadf6df8550a98b630e0", "points": 10}
{"campaign_id": 1, "player_ucid": "506c9927b5d228f70b29f6809d962210", "points": 12}
{"campaign_id": 1, "player_ucid": "ce3957b608074b0b633c6e884af22afa", "points": 10}
{"campaign_id": 1, "player_ucid": "d7a7998f560a5d5c79e2d3bc3d6d8598", "points": 10}
{"campaign_id": 1, "player_ucid": "f872a44ea6c321969fd2b308f6857eb4", "points": 10}
{"campaign_id": 1, "player_ucid": "01e4f5d3f40e811445ae6a83dec2b6bc", "points": 10}
{"campaign_id": 1, "player_ucid": "85a4f5c11e2383c233defd8ce8eb8dbc", "points": 10}
{"campaign_id": 1, "player_ucid": "5e2921eec37d5d9446349223fd37d574", "points": 10}
{"campaign_id": 1, "player_ucid": "3da9aed2897445bc2c090fce6df0c7ee", "points": 14}
{"campaign_id": 1, "player_ucid": "cc60b9ce4eaa0aa664647e1c57e8c1c6", "points": 10}
{"campaign_id": 1, "player_ucid": "7fbd62a7bc18a71742f0889b8046d9ec", "points": 10}
{"campaign_id": 1, "player_ucid": "a8218150be5d387043acf98db6b7ca5c", "points": 10}
{"campaign_id": 1, "player_ucid": "69a45b6e6df007a5574fd0332a822b8f", "points": 10}
{"campaign_id": 1, "player_ucid": "7b4b9e3a8664c5efa178ea58b60a1b67", "points": 10}
{"campaign_id": 1, "player_ucid": "d6ffb1cfd8351779d8664bb894355aa0", "points": 10}
{"campaign_id": 1, "player_ucid": "a0d04f2dca4b54dba43226fbffbba362", "points": 10}
{"campaign_id": 1, "player_ucid": "f6099c004b9add253eae6e366cc792de", "points": 10}
{"campaign_id": 1, "player_ucid": "639d685f4ffff3cf44ff7daee27933ad", "points": 10}
{"campaign_id": 1, "player_ucid": "b82e70e0a8a28a708a158db5a19d7f7c", "points": 10}
{"campaign_id": 1, "player_ucid": "e16d6d7c151ece138f07f57d349786f6", "points": 10}
{"campaign_id": 1, "player_ucid": "d8db9d36247091aa3468ecb2ae394d16", "points": 10}
{"campaign_id": 1, "player_ucid": "ed209bdb18011ef621b3f06ba14c49a0", "points": 10}
{"campaign_id": 1, "player_ucid": "2be7555ec49ae774f595a8b28c840250", "points": 10}
{"campaign_id": 1, "player_ucid": "bd377f2bcbcce4a2d00e50499a80cee7", "points": 14}
{"campaign_id": 1, "player_ucid": "50def564fcd3d1f64308c5bc40d711e9", "points": 10}
{"campaign_id": 1, "player_ucid": "b0f25bd2684de22bf1b33d0a6cca4e9f", "points": 10}
{"campaign_id": 1, "player_ucid": "2ce605d24591991436091361c5665c0c", "points": 10}
{"campaign_id": 1, "player_ucid": "381cb4250642c85905570e12585a07f3", "points": 10}
{"campaign_id": 1, "player_ucid": "5775e4f67dc4cc420157960233f6c377", "points": 10}
{"campaign_id": 1, "player_ucid": "0840e79a2621dfc66eb2b037cfa081f9", "points": 10}
{"campaign_id": 1, "player_ucid": "050c6e6fc1c05a0b8617da68d653470a", "points": 10}
{"campaign_id": 1, "player_ucid": "95609f42aa33f3cf7155c78f26532653", "points": 14}
{"campaign_id": 1, "player_ucid": "f8e1b46684223599460e667f28c86541", "points": 10}
{"campaign_id": 1, "player_ucid": "208669ed565412a89e60895acafc7ea6", "points": 10}
{"campaign_id": 1, "player_ucid": "726e130171a419d1b4f62497145ae4b2", "points": 10}
{"campaign_id": 1, "player_ucid": "916bcde1a1ddc6d8a4c8144ac86354a5", "points": 10}
{"campaign_id": 1, "player_ucid": "7b0ddc013f8bb49c8198fa6742552124", "points": 13}
{"campaign_id": 1, "player_ucid": "0de3f1d5e52c79c1f6916bd47fd40937", "points": 10}
{"campaign_id": 1, "player_ucid": "721a8306378279b8ebcedd62c3afdeb3", "points": 10}
{"campaign_id": 1, "player_ucid": "a51a8fa5b71757006dad50a8853e37cf", "points": 10}
{"campaign_id": 1, "player_ucid": "547248aac87dee59b6f926de83c6dad5", "points": 16}
{"campaign_id": 1, "player_ucid": "88afd13bbbd4558d2317863f11d32d8f", "points": 10}
{"campaign_id": 1, "player_ucid": "514ba3930f35fe9769ccdf6bf27bcede", "points": 10}
{"campaign_id": 1, "player_ucid": "7b158efcd4c2bca0edd671a9e6cad363", "points": 10}
{"campaign_id": 1, "player_ucid": "61871da9771a353b59600b7c817fb97a", "points": 10}
{"campaign_id": 1, "player_ucid": "73d4f3008dc9f41715a572a24e05fa0e", "points": 23}
{"campaign_id": 1, "player_ucid": "741ec43b37d2ed761608c0e83a078366", "points": 10}
{"campaign_id": 1, "player_ucid": "88cef1eee37776f144b7f4c48653cf7e", "points": 10}
{"campaign_id": 1, "player_ucid": "1b8ec709311ec401ee2afb1eec91635c", "points": 14}
{"campaign_id": 1, "player_ucid": "61d833eef2f7e6cbe4e9b01d402b785d", "points": 10}
{"campaign_id": 1, "player_ucid": "653700f77e4967f7bb75c5a3a9390563", "points": 10}
{"campaign_id": 1, "player_ucid": "cb99c496753df41422d19fe903005a01", "points": 10}
{"campaign_id": 1, "player_ucid": "af849e0e8e492869233454dc4bfff8c0", "points": 10}
{"campaign_id": 1, "player_ucid": "69ae72793dffbd349f65ab99766f6b24", "points": 10}
{"campaign_id": 1, "player_ucid": "ffa5a4cb1328f5563750f46ad5e6e2b0", "points": 10}
{"campaign_id": 1, "player_ucid": "acdd2901c68bb85163ebf5c0aa117ccf", "points": 10}
{"campaign_id": 1, "player_ucid": "157a92e0f1d6b3377fc4d8773c3b331c", "points": 10}
{"campaign_id": 1, "player_ucid": "b3e048d54783b186c460342eb65eccba", "points": 10}
{"campaign_id": 1, "player_ucid": "064849ad6d9fb55445252ce2e48cdb64", "points": 10}
{"campaign_id": 1, "player_ucid": "58182af417f9dd8bad358f293d4b5dd5", "points": 10}
{"campaign_id": 1, "player_ucid": "e15d57b081d344ac2c3e57147adf9e63", "points": 10}
{"campaign_id": 1, "player_ucid": "2eeec76b2afb40210371127a763cc162", "points": 10}
{"campaign_id": 1, "player_ucid": "0f1677e6c06ced1b991cabb6139510e4", "points": 14}
{"campaign_id": 1, "player_ucid": "7c122af2b8e70dce99765627282cea31", "points": 26}
{"campaign_id": 1, "player_ucid": "87c0399287ae9581ff62673b35eefce7", "points": 46}
{"campaign_id": 1, "player_ucid": "3b1cf48b3f42245aff6216afc50f8e82", "points": 18}
{"campaign_id": 1, "player_ucid": "7395397010ebd2ff5545a658e15e4f6e", "points": 13}
{"campaign_id": 1, "player_ucid": "ad3fa85ad9468ff1bb335d0d2b35cb39", "points": 10}
{"campaign_id": 1, "player_ucid": "345939530b0306db437dbaca2b38d93b", "points": 10}
{"campaign_id": 1, "player_ucid": "fda845fd9031b6ce523758825cc985ce", "points": 10}
{"campaign_id": 1, "player_ucid": "5d36039b0a55b0097c924a11faa39922", "points": 10}
{"campaign_id": 1, "player_ucid": "c7ab15af5752e89bcbf2a57c89eef439", "points": 10}
{"campaign_id": 1, "player_ucid": "a0e4d0ca4e5851b7e8a50e39f2c7ea9a", "points": 10}
{"campaign_id": 1, "player_ucid": "79fe13f30b4844140e28659de4be24c0", "points": 10}
{"campaign_id": 1, "player_ucid": "98316aef9cbf8e79f28109ea1dbbe7a9", "points": 10}
{"campaign_id": 1, "player_ucid": "75080f1cbaf94b78e8109169901ce77a", "points": 10}
{"campaign_id": 1, "player_ucid": "2036fcac9e5d5a92879e0a6ce27b3613", "points": 10}
{"campaign_id": 1, "player_ucid": "fa268a8b92e56b283af7f45ce2b381f3", "points": 10}
{"campaign_id": 1, "player_ucid": "60dcb53ddb692284072c480bc3ab7ece", "points": 14}
{"campaign_id": 1, "player_ucid": "3b19fb785e40555c8bf0d82cbc90b5f4", "points": 10}
{"campaign_id": 1, "player_ucid": "846d2b39e9b306b2dad2ff123d77ec44", "points": 13}
{"campaign_id": 1, "player_ucid": "cddc3f6c00e6a2f578ea3dcaefa73398", "points": 10}
{"campaign_id": 1, "player_ucid": "323981c4ff3e5ab50164d63a0a686061", "points": 10}
{"campaign_id": 1, "player_ucid": "9f834f4b4d6f3e3e6ac15ec10696a4c1", "points": 10}
{"campaign_id": 1, "player_ucid": "69f2005b9ff5ec2a2d8724290ee8d236", "points": 10}
{"campaign_id": 1, "player_ucid": "e779a2e2fcd6f7860af467a0c377761e", "points": 4}
{"campaign_id": 1, "player_ucid": "d7e65474528ad1719dee606f4f4b3ebe", "points": 10}
{"campaign_id": 1, "player_ucid": "16409de808e6c842224b3d54d643536d", "points": 10}
{"campaign_id": 1, "player_ucid": "655a782296a91f2dda860e991b0c987c", "points": 10}
{"campaign_id": 1, "player_ucid": "3ea52d6097e5171d5bd1e45a8e88514c", "points": 10}
{"campaign_id": 1, "player_ucid": "3b8c3c80d2e0595a213ec340008db14c", "points": 14}
{"campaign_id": 1, "player_ucid": "150ee0b5545a821c38b79ae9e1dba74a", "points": 14}
{"campaign_id": 1, "player_ucid": "97746a3fd3c6750e6418818e3b18bf59", "points": 18}
{"campaign_id": 1, "player_ucid": "b72a14dac30c1f64eb990c6f972ea98b", "points": 18}
{"campaign_id": 1, "player_ucid": "3ba2ad25d93943f1f41dac5503989902", "points": 10}
{"campaign_id": 1, "player_ucid": "71741cf80426420fbce4374afb86143a", "points": 4}
{"campaign_id": 1, "player_ucid": "7d37db6672b335f2f63c3fd132081a6f", "points": 10}
{"campaign_id": 1, "player_ucid": "cf3339d647ba5b54ec777307b5150618", "points": 10}
{"campaign_id": 1, "player_ucid": "982c0a5c5959399503eed779607da28d", "points": 14}
{"campaign_id": 1, "player_ucid": "c0ded0fb43a8e8160d16a55e84056c5d", "points": 13}
{"campaign_id": 1, "player_ucid": "70e424192fe58a1cc86f91703f941a50", "points": 10}
{"campaign_id": 1, "player_ucid": "c39e0ec07f14f0a0ed39fda2d91be3b8", "points": 10}
{"campaign_id": 1, "player_ucid": "bbf69edc8ec70d775c899db7489bb5b5", "points": 10}
{"campaign_id": 1, "player_ucid": "772360f6384681d20eeb342f7f0e4da9", "points": 10}
{"campaign_id": 1, "player_ucid": "53be71222bfd80a07ec833a465c3da34", "points": 10}
{"campaign_id": 1, "player_ucid": "2a580874708d79a826d0d4edf826c567", "points": 18}
{"campaign_id": 1, "player_ucid": "d8a2041ce963f0430ef9e4bf22972c4c", "points": 26}
{"campaign_id": 1, "player_ucid": "658b3395226a42732468c94ca6104dd0", "points": 10}
{"campaign_id": 1, "player_ucid": "ed2211b4df45cf55ae5ffa87e61808fa", "points": 10}
{"campaign_id": 1, "player_ucid": "d02a2a263dda8450c85eaadbdf19c220", "points": 40}
{"campaign_id": 1, "player_ucid": "a1a188b2534688a4d74d0d854bdae218", "points": 14}
{"campaign_id": 1, "player_ucid": "9e6d041aab4b2ed13af49b0d3ebe85b0", "points": 10}
{"campaign_id": 1, "player_ucid": "b3eb5e712c8ad945c62f045d143ffb7d", "points": 10}
{"campaign_id": 1, "player_ucid": "a5432db1c3e3122cda9d9fdec277674a", "points": 10}
{"campaign_id": 1, "player_ucid": "532264b6a643bdbc49933d7c878736b3", "points": 10}
{"campaign_id": 1, "player_ucid": "55f065d84a0ce56e18c104cb907a18a4", "points": 10}
{"campaign_id": 1, "player_ucid": "42e390228444ae6a551474ed95cd7120", "points": 10}
{"campaign_id": 1, "player_ucid": "7c5886c87acfbe631b0682ac2db6e78d", "points": 0}
{"campaign_id": 1, "player_ucid": "4254a06f11ed23abce5700b6870a76ea", "points": 10}
{"campaign_id": 1, "player_ucid": "6ffbaca6dd8038e2bbdc331951cedbcb", "points": 10}
{"campaign_id": 1, "player_ucid": "d929a89c4d45208643e360aefb1ba001", "points": 10}
{"campaign_id": 1, "player_ucid": "b4761e900f4b6e43632e75fea0420fd1", "points": 10}
{"campaign_id": 1, "player_ucid": "c37c3df6c95ac049358210f77c68668a", "points": 10}
{"campaign_id": 1, "player_ucid": "44ed593459a6c5b473328f50892ff2a7", "points": 10}
{"campaign_id": 1, "player_ucid": "b824e4dc2e63bf89d100a5f35ea30ac1", "points": 10}
{"campaign_id": 1, "player_ucid": "69eeaaa92ee2afc4d4357524a1f15ffe", "points": 10}
{"campaign_id": 1, "player_ucid": "ba50bcbdd6f109397414c9bf69d29fcc", "points": 10}
{"campaign_id": 1, "player_ucid": "1ede3d18a65b6beb6eb73bb6ee7dd414", "points": 10}
{"campaign_id": 1, "player_ucid": "9ee3cb6e8a517306b07aab4062da3a66", "points": 11}
{"campaign_id": 1, "player_ucid": "41b14a56f6b26705767264dbb8547d32", "points": 10}
{"campaign_id": 1, "player_ucid": "691a5ce37c5bf62525846a8818b9a793", "points": 10}
{"campaign_id": 1, "player_ucid": "83dc1f6d67c780efd6add98aad533f54", "points": 10}
{"campaign_id": 1, "player_ucid": "7a0e36ffcbecd6d33ecfd9dddf1da007", "points": 18}
{"campaign_id": 1, "player_ucid": "404c3a96c35e064bf5ba74333f8a5ec4", "points": 10}
{"campaign_id": 1, "player_ucid": "2fcf05149d5aa1fd48d85f02dd28471d", "points": 10}
{"campaign_id": 1, "player_ucid": "6aa57da617e4f5188708b52d89aff4ef", "points": 10}
{"campaign_id": 1, "player_ucid": "cbd4bee7a28be410ea4edef237e56be7", "points": 10}
{"campaign_id": 1, "player_ucid": "95bd3e5141e51592a8be08b4fda2027b", "points": 14}
{"campaign_id": 1, "player_ucid": "eb165646398e2b2e110b8615d94beba0", "points": 14}
{"campaign_id": 1, "player_ucid": "23b2a7d63fae2708343341faef309ec2", "points": 10}
{"campaign_id": 1, "player_ucid": "6eb356e51bb08f570bd83093fc06d896", "points": 18}
{"campaign_id": 1, "player_ucid": "ad12790271b5c5249d7e390f6cc8e669", "points": 26}
{"campaign_id": 1, "player_ucid": "fa3210f07824311e6230cc960552683b", "points": 23}
{"campaign_id": 1, "player_ucid": "95cae37b0729e0864731d345fbd0dac4", "points": 10}
{"campaign_id": 1, "player_ucid": "704562717523b9d9450a8347ea3cab50", "points": 10}
{"campaign_id": 1, "player_ucid": "aeb5836717ea85d3756937006edcd045", "points": 10}
{"campaign_id": 1, "player_ucid": "12b35388c4fe1fc68daa27a53ab1c8ea", "points": 10}
{"campaign_id": 1, "player_ucid": "311abc63adc0740d13910fffd6b8707e", "points": 10}
{"campaign_id": 1, "player_ucid": "a77fecb110deb0120f2873fdf0e03b53", "points": 10}
{"campaign_id": 1, "player_ucid": "a7e78e79c9694fd05f8b43df4d886820", "points": 10}
{"campaign_id": 1, "player_ucid": "b0bc6c64426ca8341b8530d60903fea5", "points": 10}
{"campaign_id": 1, "player_ucid": "5782c3b559f315cd00c6b301cf26c53d", "points": 10}
{"campaign_id": 1, "player_ucid": "9fcc603d7f1d821cae2183a4e1638c01", "points": 10}
{"campaign_id": 1, "player_ucid": "ff97ead509464ca58cd2440487b7ed7e", "points": 14}
{"campaign_id": 1, "player_ucid": "51de796bf6bfa91cc8593519ac4670d5", "points": 10}
{"campaign_id": 1, "player_ucid": "1101ef90137d8b2497525759d6ebf017", "points": 10}
{"campaign_id": 1, "player_ucid": "6f2cfcc2bcc676828e8758c41f338b3b", "points": 10}
{"campaign_id": 1, "player_ucid": "41a03b2ceeb21aa986d6af5cb4f5b82c", "points": 10}
{"campaign_id": 1, "player_ucid": "4c0e9959e6ba1849745aef218110e560", "points": 10}
{"campaign_id": 1, "player_ucid": "ed005e15fc91b2615c8ee6570a3189cc", "points": 10}
{"campaign_id": 1, "player_ucid": "6fa52942c3baaebdb0f862ba3a63880b", "points": 10}
{"campaign_id": 1, "player_ucid": "c3d6b8210991141c5ed981a37e339edf", "points": 10}
{"campaign_id": 1, "player_ucid": "c31cfe6af41939a8a9c3d6db990d6eda", "points": 10}
{"campaign_id": 1, "player_ucid": "978f9afef9d3d8db6fe907dd11e7b06c", "points": 10}
{"campaign_id": 1, "player_ucid": "5c783662070f5888795386c67fec0565", "points": 10}
{"campaign_id": 1, "player_ucid": "cf5a32e133d146d2de71d116341ba662", "points": 14}
{"campaign_id": 1, "player_ucid": "03dde0177e918e57b72eebf2a54e2a9c", "points": 10}
{"campaign_id": 1, "player_ucid": "c50c624494d80192191251b7f37c6b8d", "points": 38}
{"campaign_id": 1, "player_ucid": "19550b91b17587daa9cc083b536ed469", "points": 10}
{"campaign_id": 1, "player_ucid": "5fb2b7d57167225476d40d4fe6a8eaeb", "points": 10}
{"campaign_id": 1, "player_ucid": "c9f6ce739df5a69bdc6f3b1651b33297", "points": 14}
{"campaign_id": 1, "player_ucid": "e93327c72d55f7da4a3ef997e0f0e627", "points": 18}
{"campaign_id": 1, "player_ucid": "f10796c4054711958943ced4b0a7da64", "points": 34}
{"campaign_id": 1, "player_ucid": "be2336d02870bae8f3bc354d15a4c289", "points": 10}
{"campaign_id": 1, "player_ucid": "cf21a8a4a95b02952c6d894c2589669f", "points": 10}
{"campaign_id": 1, "player_ucid": "a16b12529a44d03a66e5fa1ebd6acb4d", "points": 13}
{"campaign_id": 1, "player_ucid": "ef36b12c3a7a9eb4a101de9a6396102e", "points": 13}
{"campaign_id": 1, "player_ucid": "75656ec68ce906dea73a8312e4b74059", "points": 10}
{"campaign_id": 1, "player_ucid": "360d32c631612a4320180c3e4dbeafaf", "points": 13}
{"campaign_id": 1, "player_ucid": "6f6a010231fc92b5e648c8aa264671c2", "points": 10}
{"campaign_id": 1, "player_ucid": "e2c581a8897b064ffde65201188041e6", "points": 10}
{"campaign_id": 1, "player_ucid": "63057d59e2a9a58bf07ab8f1b0a66cc2", "points": 10}
{"campaign_id": 1, "player_ucid": "f460e42b3de6e9f60a2b61e302d46a8e", "points": 10}
{"campaign_id": 1, "player_ucid": "36406f25246a24ab5d875ca20c32d7df", "points": 10}
{"campaign_id": 1, "player_ucid": "26cfc5b50774f7ebf92ec63a2be2f916", "points": 10}
{"campaign_id": 1, "player_ucid": "5d3eed3ebb3cc10c36fe77b4b10052bb", "points": 10}
{"campaign_id": 1, "player_ucid": "73e996ae3f7207635985cba4a3889f19", "points": 17}
{"campaign_id": 1, "player_ucid": "36c9f6536fa00ead047ec928136e240f", "points": 13}
{"campaign_id": 1, "player_ucid": "d0dd348eb9775ea10cdf0b0e1d208eca", "points": 10}
{"campaign_id": 1, "player_ucid": "d8daa1aef5568d87860939fae2b0a3c3", "points": 10}
{"campaign_id": 1, "player_ucid": "438788a753260f87751023a812ff1182", "points": 10}
{"campaign_id": 1, "player_ucid": "5e718572fb87586af610acd1c3ae38f8", "points": 10}
{"campaign_id": 1, "player_ucid": "a333cfd1ef4e26e84c9a042e413fcf9a", "points": 18}
{"campaign_id": 1, "player_ucid": "3bbb4244ccd881bf98af11a0d61ddce9", "points": 10}
{"campaign_id": 1, "player_ucid": "e41606ec7be7fa652edd0bd01fbdc4ea", "points": 10}
{"campaign_id": 1, "player_ucid": "5fec6cb2a7e3255693a9df415856bba3", "points": 10}
{"campaign_id": 1, "player_ucid": "b23d4c7c3161d3f690f7ae4cbd4e3869", "points": 0}
{"campaign_id": 1, "player_ucid": "3acb239a24eaf775c5e3d7c5531eea31", "points": 10}
{"campaign_id": 1, "player_ucid": "cf2938667df16d55b77d23fbb24fff13", "points": 10}
{"campaign_id": 1, "player_ucid": "e4080d8d3b1dd47a97460dce5cc0dc41", "points": 10}
{"campaign_id": 1, "player_ucid": "9d3b909916c64de949b64ac26ef03b61", "points": 10}
{"campaign_id": 1, "player_ucid": "a7c9a009a0f45f36f26e4122017b843f", "points": 11}
{"campaign_id": 1, "player_ucid": "4d47658ca7472a526ca7d07c91d2e909", "points": 10}
{"campaign_id": 1, "player_ucid": "cfd9bd35494bd8503f50832a2cf9d3d2", "points": 13}
{"campaign_id": 1, "player_ucid": "8b9bad24cdb4605fee17407c45b30b98", "points": 10}
{"campaign_id": 1, "player_ucid": "9e6b8c3474d6a9b3b98ff8c51725edd7", "points": 10}
{"campaign_id": 1, "player_ucid": "b22a4f4772ccbc4549baff3a17dd8072", "points": 10}
{"campaign_id": 1, "player_ucid": "3983f0c34f267e3980385dca7f693eef", "points": 10}
{"campaign_id": 1, "player_ucid": "b94517a9ab1bedc30a801359512e39dd", "points": 10}
{"campaign_id": 1, "player_ucid": "9bf49f4a8895338319b429506fadb501", "points": 10}
{"campaign_id": 1, "player_ucid": "bf796ec59dbd7401751340e44b12b6f5", "points": 10}
{"campaign_id": 1, "player_ucid": "29e5ba3f057e41076732e166ab486ebe", "points": 10}
{"campaign_id": 1, "player_ucid": "e40a49e4bd9ef83145a01264d8cf6fd2", "points": 10}
{"campaign_id": 1, "player_ucid": "b85f8bda041d17f15fa15e2d94ea134b", "points": 10}
{"campaign_id": 1, "player_ucid": "755839c77dc8ee9054c268fe73b52b10", "points": 18}
{"campaign_id": 1, "player_ucid": "031c32e2c6e16a445d674b59b63852a5", "points": 10}
{"campaign_id": 1, "player_ucid": "0e94636fe38619456cd3c1f91730b119", "points": 11}
{"campaign_id": 1, "player_ucid": "dfa290e674a560a5fbb003767a82e4c4", "points": 14}
{"campaign_id": 1, "player_ucid": "39979c877ceac88ea90a31786bdb2503", "points": 23}
{"campaign_id": 1, "player_ucid": "94b07540d4bddb1a3ef614f3d61259e9", "points": 10}
{"campaign_id": 1, "player_ucid": "a1c15e56ea7f88bcb100aea1e7ec99b4", "points": 10}
{"campaign_id": 1, "player_ucid": "16063150de6f62562cb0dfe60351a77b", "points": 10}
{"campaign_id": 1, "player_ucid": "386778ff82d45b52078736fbc3fe0543", "points": 10}
{"campaign_id": 1, "player_ucid": "df55a7abe447660f1e31d56be8e53469", "points": 10}
{"campaign_id": 1, "player_ucid": "94af35bb5ec08659659f6145ea74d147", "points": 10}
{"campaign_id": 1, "player_ucid": "04c9b46fdfac8de310845ef057977e6a", "points": 10}
{"campaign_id": 1, "player_ucid": "2849b806f129f98b933774bac5c82f75", "points": 10}
{"campaign_id": 1, "player_ucid": "5e5ebaa422c21431e9867a5702e27d8c", "points": 10}
{"campaign_id": 1, "player_ucid": "80d5f08cdc0b7b4d3e46fe01e23775b7", "points": 10}
{"campaign_id": 1, "player_ucid": "525e0c6bf92f836cd7e5214a545f753d", "points": 10}
{"campaign_id": 1, "player_ucid": "03257759bf20f1c784d82f199a698411", "points": 22}
{"campaign_id": 1, "player_ucid": "c785c63b3b4f8f359865652e90cd8039", "points": 10}
{"campaign_id": 1, "player_ucid": "12abea433741b7a8c69fd3b3e7e0207b", "points": 10}
{"campaign_id": 1, "player_ucid": "7280d6a6d5950ba51b4c6cce96b3a8da", "points": 10}
{"campaign_id": 1, "player_ucid": "df184f709541c7f5f05c6ab4dd57214b", "points": 10}
{"campaign_id": 1, "player_ucid": "6de68eec4bf1bea0fb3c56d241b22767", "points": 14}
{"campaign_id": 1, "player_ucid": "9f8f18482c96de1381956a69fffb4465", "points": 10}
{"campaign_id": 1, "player_ucid": "867662bd1c87b967dd0e27ef3bb8f0c9", "points": 10}
{"campaign_id": 1, "player_ucid": "768945764d70fb6c40cc05aadf2914ca", "points": 19}
{"campaign_id": 1, "player_ucid": "6309ef38ffa03c35938d4f102fc413d1", "points": 10}
{"campaign_id": 1, "player_ucid": "2b66ae646d51a3ef0cc5a08467f92b7e", "points": 10}
{"campaign_id": 1, "player_ucid": "bab09add6ed6e8e4d71b462b49b2016b", "points": 30}
{"campaign_id": 1, "player_ucid": "c6f48239708faf7b3c7d7eae1697ab3c", "points": 10}
{"campaign_id": 1, "player_ucid": "308fb8b60b0e9800003a8f59fbd5d2ec", "points": 26}
{"campaign_id": 1, "player_ucid": "6ad022d3df50eac78b32b74757ad2caa", "points": 10}
{"campaign_id": 1, "player_ucid": "320ce803257abdde5e719a1e35580439", "points": 10}
{"campaign_id": 1, "player_ucid": "4f9e99a02a5444d4fad859c0383f2ef9", "points": 26}
{"campaign_id": 1, "player_ucid": "e52b620adbf33764f14526099b3358e3", "points": 38}
{"campaign_id": 1, "player_ucid": "b0a47a713582dca193875866aaca2395", "points": 10}
{"campaign_id": 1, "player_ucid": "6a77583eff725d752c5b7bf92b6e8275", "points": 10}
{"campaign_id": 1, "player_ucid": "ff1c565e3b74f4fc8a67c7c60da8a53d", "points": 10}
{"campaign_id": 1, "player_ucid": "1c2d425b93bb87b27df88b8d1f203e0b", "points": 10}
{"campaign_id": 1, "player_ucid": "2f071b47df7977484993a2b421f959a6", "points": 10}
{"campaign_id": 1, "player_ucid": "5bda7eb2f3ebb080e1732d055fe89fd0", "points": 10}
{"campaign_id": 1, "player_ucid": "5b3ce91a74cfd7baec3bf9c66e53169a", "points": 10}
{"campaign_id": 1, "player_ucid": "c7a7ed3879bcda63fb4210a4282fd740", "points": 10}
{"campaign_id": 1, "player_ucid": "3bef78dfb6d3c2e4bf105c43a8f0b1b7", "points": 10}
{"campaign_id": 1, "player_ucid": "7a7c08c87693c645f7821431d50476b0", "points": 10}
{"campaign_id": 1, "player_ucid": "cd49901aa9ac45fe7c2053cde3d46ae0", "points": 10}
{"campaign_id": 1, "player_ucid": "34a27913e0a73e20f74aec423176c067", "points": 10}
{"campaign_id": 1, "player_ucid": "54ad043c7a2b67417594144868107000", "points": 19}
{"campaign_id": 1, "player_ucid": "7b6fd6afdc6b264e1649a4e37a13d5eb", "points": 28}
{"campaign_id": 1, "player_ucid": "683257a1260f0cc99edc6830028c3475", "points": 10}
{"campaign_id": 1, "player_ucid": "8b3a16434ad7182e9010ea8482994798", "points": 10}
{"campaign_id": 1, "player_ucid": "28c5ebd96cbed755b3dff7c7adba2021", "points": 18}
{"campaign_id": 1, "player_ucid": "56f343db7faacfd5555ea69a1f0cbe33", "points": 10}
{"campaign_id": 1, "player_ucid": "220fe3febc6e28c04dbcb1eefbadf0cd", "points": 30}
{"campaign_id": 1, "player_ucid": "aeb28ba5ac762b249979b3af88d06b1c", "points": 10}
{"campaign_id": 1, "player_ucid": "a5c67a393ec44cbde6c7c43141656616", "points": 10}
{"campaign_id": 1, "player_ucid": "b0a64317fe20bb02c0269eba4aca2377", "points": 13}
{"campaign_id": 1, "player_ucid": "63720bcd795d52a39c85163235c444dc", "points": 13}
{"campaign_id": 1, "player_ucid": "be3c712b68d3c84fbb9841297a0e6a11", "points": 11}
{"campaign_id": 1, "player_ucid": "221dcf9372249ca351b36c4a51148487", "points": 10}
{"campaign_id": 1, "player_ucid": "e7a13411614b538a441cea5e0b40c138", "points": 10}
{"campaign_id": 1, "player_ucid": "42a2ef54786242a67f7d1906d9b20b9f", "points": 0}
{"campaign_id": 1, "player_ucid": "f9cb8a008da3d3416c5ea684a093fab2", "points": 10}
{"campaign_id": 1, "player_ucid": "7e0ab35b0a6e4695044eba065fedb52e", "points": 10}
{"campaign_id": 1, "player_ucid": "bc1db567429f036f5b99edbeb9968045", "points": 10}
{"campaign_id": 1, "player_ucid": "0ff78e4d979ff093b55d37489cd73683", "points": 10}
{"campaign_id": 1, "player_ucid": "f16f52baa0b1ea1663e493ca79e0b109", "points": 10}
{"campaign_id": 1, "player_ucid": "7b35182658bfef597202e336c31555d5", "points": 10}
{"campaign_id": 1, "player_ucid": "b94ef04b1a536be2ded059c701644014", "points": 11}
{"campaign_id": 1, "player_ucid": "debcec5719d4226dccdad6b9278d85a4", "points": 10}
{"campaign_id": 1, "player_ucid": "8e1c88521f99cd21f07f8d73688353c0", "points": 10}
{"campaign_id": 1, "player_ucid": "41f66acef8c0329fad4515147f5036db", "points": 10}
{"campaign_id": 1, "player_ucid": "16a191140b8a3f602fc8952f4d314d77", "points": 10}
{"campaign_id": 1, "player_ucid": "b41c68d1751bf035209b1d953495f16c", "points": 42}
{"campaign_id": 1, "player_ucid": "45a82f180e1029589693c5f97861473a", "points": 78}
{"campaign_id": 1, "player_ucid": "348c7035246488bc690e418026c97113", "points": 10}
{"campaign_id": 1, "player_ucid": "bcdd838107b2277133f32a92b8b75ae4", "points": 10}
{"campaign_id": 1, "player_ucid": "0f5fb0a5ff9be7f62681919678f6efe5", "points": 10}
{"campaign_id": 1, "player_ucid": "fd8f29027df656d896ef3089f6d4db58", "points": 54}
{"campaign_id": 1, "player_ucid": "c3078081f8ee531d6be5f047ae525093", "points": 10}
{"campaign_id": 1, "player_ucid": "e6ebc9fbb83f347f96e49609f56219a6", "points": 12}
{"campaign_id": 1, "player_ucid": "7c3e3fd0548a77b5490d151e8ced9065", "points": 19}
{"campaign_id": 1, "player_ucid": "0e244a5a1824b013223c3fee7561e988", "points": 10}
{"campaign_id": 1, "player_ucid": "88221ed8d230ed626dd796c122b0f4e8", "points": 10}
{"campaign_id": 1, "player_ucid": "63e8404723bbbae8d66e2f25724da6f0", "points": 13}
{"campaign_id": 1, "player_ucid": "80d33455d11e379cb8f81f73cc746d5e", "points": 10}
{"campaign_id": 1, "player_ucid": "3e03e0dd2462341af6e0829fe80cb81e", "points": 10}
{"campaign_id": 1, "player_ucid": "2e40ac7175f8df2ec4e6c6694fd8c950", "points": 10}
{"campaign_id": 1, "player_ucid": "6fabb7c51710d091d77af6aa27ef7c5e", "points": 10}
{"campaign_id": 1, "player_ucid": "e4edb5fcf5fe114faa35e59818ae39aa", "points": 10}
{"campaign_id": 1, "player_ucid": "633fcb3e734a0c9b1f2ad2e70ae6ee9b", "points": 10}
{"campaign_id": 1, "player_ucid": "38c93144e08e9942b58a63267ac0e84f", "points": 10}
{"campaign_id": 1, "player_ucid": "e92f4e67f71ead9d3d59c5cec74c2f3c", "points": 10}
{"campaign_id": 1, "player_ucid": "f241428fddc9ea6e884b9bdecc47a74b", "points": 10}
{"campaign_id": 1, "player_ucid": "3e52df97121fd46f602c2bb1173bb330", "points": 10}
{"campaign_id": 1, "player_ucid": "5a0a8f63e473de1a564512644c656166", "points": 10}
{"campaign_id": 1, "player_ucid": "bf58852b141f5003648336f2965f9c69", "points": 10}
{"campaign_id": 1, "player_ucid": "961964046b03098680b1b751be798e0b", "points": 10}
{"campaign_id": 1, "player_ucid": "38ba2ce30fb42a250976a12242f767cf", "points": 10}
{"campaign_id": 1, "player_ucid": "ebd021f3cd346f55135e7899738cbe0c", "points": 10}
{"campaign_id": 1, "player_ucid": "47fd7826cc235f85cf713134020d1aa9", "points": 10}
{"campaign_id": 1, "player_ucid": "d3b0bb29e42236aefa3b53a6d7e4c818", "points": 10}
{"campaign_id": 1, "player_ucid": "34cb1b9d11791e1d7b39177d52f10430", "points": 10}
{"campaign_id": 1, "player_ucid": "c9ad94430727436d9c85fa4647273178", "points": 10}
{"campaign_id": 1, "player_ucid": "a71f7fa985233c86d258e2cdb6e7ace9", "points": 10}
{"campaign_id": 1, "player_ucid": "e976f0b5d75b524e43fc89cfafd7b807", "points": 10}
{"campaign_id": 1, "player_ucid": "8e6a5d15fac90d0500183c34277ab81e", "points": 10}
{"campaign_id": 1, "player_ucid": "5f7658a287358b05d1319afb1b9d0480", "points": 10}
{"campaign_id": 1, "player_ucid": "b08ac24f7f647405845f33aa4b42caed", "points": 10}
{"campaign_id": 1, "player_ucid": "d6281807063ab8ad91c7e6f0d70cc916", "points": 0}
{"campaign_id": 1, "player_ucid": "c55e5905d1b6dfac5f6dacd044b9ac11", "points": 10}
{"campaign_id": 1, "player_ucid": "b75465fdfb86d2f6238c2f970db0bd82", "points": 10}
{"campaign_id": 1, "player_ucid": "4da64e68ea467772c61fb16b9568c2e7", "points": 10}
{"campaign_id": 1, "player_ucid": "6f60fbb2a854e2223208b4fa13348bac", "points": 10}
{"campaign_id": 1, "player_ucid": "69ccf64c5649d8798d610ba1f727eb6c", "points": 38}
{"campaign_id": 1, "player_ucid": "3bd4d458066f3538820fa6871d53b741", "points": 10}
{"campaign_id": 1, "player_ucid": "31d0f14561f5289dd9696ba6a457f553", "points": 42}
{"campaign_id": 1, "player_ucid": "e323ab18a0affc6978d0f25c97d2bbc2", "points": 10}
{"campaign_id": 1, "player_ucid": "7c48c246319878b612eff7384f67d230", "points": 10}
{"campaign_id": 1, "player_ucid": "32e344fe9349bc907ba65981f719490f", "points": 10}
{"campaign_id": 1, "player_ucid": "2b80463a1b7caadb49acb63987daa435", "points": 10}
{"campaign_id": 1, "player_ucid": "d539db77053b578cd78c6853c162b5e6", "points": 10}
{"campaign_id": 1, "player_ucid": "559bc57f5f0400832fb685956dec4210", "points": 10}
{"campaign_id": 1, "player_ucid": "772074fee73301bb3ec929003bfbfdd5", "points": 10}
{"campaign_id": 1, "player_ucid": "1ced7a2c5d046219cff015ebd19c3f49", "points": 10}
{"campaign_id": 1, "player_ucid": "ca5cd4d5395ba25350aa0932b9f862ac", "points": 10}
{"campaign_id": 1, "player_ucid": "2c3cdf6302191606ad4f863772358b1c", "points": 10}
{"campaign_id": 1, "player_ucid": "1f4fb1149549f185dec7d46a464c7aa5", "points": 10}
{"campaign_id": 1, "player_ucid": "431c0ba94d505d7965d44c5e16380ed8", "points": 10}
{"campaign_id": 1, "player_ucid": "31c2d7500aba1cf13c2f5eb8f1f9caae", "points": 27}
{"campaign_id": 1, "player_ucid": "f90056710e83915d724ded95d2053f0a", "points": 11}
{"campaign_id": 1, "player_ucid": "9e1df25502b526b6f067681c3af1f0ef", "points": 10}
{"campaign_id": 1, "player_ucid": "127c9e57183b0207d13ccaf63b2051cd", "points": 10}
{"campaign_id": 1, "player_ucid": "21ae442387c7c52f391b74a4b726d0d6", "points": 10}
{"campaign_id": 1, "player_ucid": "920ec783f9c6d84b44bd7a62ade62309", "points": 10}
{"campaign_id": 1, "player_ucid": "cbe7e53116a1af4f09034f429d94f1ff", "points": 13}
{"campaign_id": 1, "player_ucid": "891aab03b121360779b3ad8e6d2af38b", "points": 10}
{"campaign_id": 1, "player_ucid": "291e34664aa28ce5c8361581903ad639", "points": 10}
{"campaign_id": 1, "player_ucid": "53e381e4f57fb8df043bb19b2d748312", "points": 10}
{"campaign_id": 1, "player_ucid": "30a33d650097665f55f6a251c19a843e", "points": 10}
{"campaign_id": 1, "player_ucid": "77857433b3e1f8c91952f9877e877569", "points": 10}
{"campaign_id": 1, "player_ucid": "a9189b6f5cc79231c1271dc79c041c86", "points": 10}
{"campaign_id": 1, "player_ucid": "2b37d31c42f645c4661eb7c78435fdde", "points": 10}
{"campaign_id": 1, "player_ucid": "9b864a3b0b75e268444d45b88b6f9ac0", "points": 10}
{"campaign_id": 1, "player_ucid": "b45e2443c0b6347e5cb657421f65b153", "points": 10}
{"campaign_id": 1, "player_ucid": "e9ee2b16684a289fb768febb35a87515", "points": 10}
{"campaign_id": 1, "player_ucid": "47502b86f51e879bf7cc502b33354f1a", "points": 14}
{"campaign_id": 1, "player_ucid": "cb1b9ad519ec0d8c418605ee03026872", "points": 10}
{"campaign_id": 1, "player_ucid": "eec910d98f3eda06ea4d743ac32f8836", "points": 10}
{"campaign_id": 1, "player_ucid": "3e6f03f13dd8cea1ded67285d0daa436", "points": 10}
{"campaign_id": 1, "player_ucid": "cfc5dcbcfeb71a1bd5050f02af793f66", "points": 10}
{"campaign_id": 1, "player_ucid": "3abec7eb54d6007c883191f168c8d529", "points": 23}
{"campaign_id": 1, "player_ucid": "d1611d354325e458c234e227290b284c", "points": 10}
{"campaign_id": 1, "player_ucid": "f2c013f6037f9c5197143aef4f880b72", "points": 10}
{"campaign_id": 1, "player_ucid": "572d6863a4f2f5c38a424df9b4f84afd", "points": 49}
{"campaign_id": 1, "player_ucid": "8573a7ea8f7cd1e1d0ea5e38c1a01b86", "points": 10}
{"campaign_id": 1, "player_ucid": "eb45d13cf27dd43c13fd14c1adff0e17", "points": 3}
{"campaign_id": 1, "player_ucid": "c0e6b343bd88264597e588f682b5c2e9", "points": 49}
{"campaign_id": 1, "player_ucid": "cbd466d1103ac3d43eb3af7217d09b7a", "points": 10}
{"campaign_id": 1, "player_ucid": "3285c0da2989613c996b1f480fe02306", "points": 10}
{"campaign_id": 1, "player_ucid": "d8541febb76b2fb6a95ac2be8cc9ae39", "points": 10}
{"campaign_id": 1, "player_ucid": "74d237d1cd746f4ccab7f42178cf0c99", "points": 10}
{"campaign_id": 1, "player_ucid": "b136729fd25c66882a166be40d1089f2", "points": 10}
{"campaign_id": 1, "player_ucid": "59931162522cfecc3d7169ca6b21be27", "points": 10}
{"campaign_id": 1, "player_ucid": "cbc0ba23dd7d64b65298554f25a03f1a", "points": 10}
{"campaign_id": 1, "player_ucid": "e6bfb3dce4e801f29da4f87ec1e21b2c", "points": 10}
{"campaign_id": 1, "player_ucid": "235f09e0d86cc6f24ee6dc248e899d16", "points": 10}
{"campaign_id": 1, "player_ucid": "99b8b8815dd49d7db1f4cbf83b39cf8b", "points": 10}
{"campaign_id": 1, "player_ucid": "87ef1744fc17a77c7ebb5173a06fb8ed", "points": 10}
{"campaign_id": 1, "player_ucid": "e8f47762225de86d7cb878c900bfc844", "points": 10}
{"campaign_id": 1, "player_ucid": "740224cdb978d8c4da4036164dccbbfd", "points": 23}
{"campaign_id": 1, "player_ucid": "c953b7b7e6be3c1ff7fa739dda0bde60", "points": 10}
{"campaign_id": 1, "player_ucid": "9d89dda24ac7fe7bea3921b6c2af6bae", "points": 10}
{"campaign_id": 1, "player_ucid": "251c098ea032fc2cc098a93fd7c49fda", "points": 10}
